schedule_key,date,league,event,home,away,home_score,away_score,venue,attendance,fetched_at,url
507175,2026-09-22,B.ONE,リーグ戦,徳島,横浜EX,87,99,アスティとくしま,3528,2026-09-27 20:22,https://www.bleague.jp/game_detail/?ScheduleKey=507175&tab=2
506381,2026-09-22,B.PREMIER,リーグ戦,A東京,琉球,84,73,TOYOTA ARENA TOKYO,9514,2026-09-27 20:19,https://www.bleague.jp/game_detail/?ScheduleKey=506381&tab=2
507176,2026-09-23,B.ONE,リーグ戦,徳島,横浜EX,93,92,アスティとくしま,2650,2026-09-27 20:22,https://www.bleague.jp/game_detail/?ScheduleKey=507176&tab=2
506385,2026-09-23,B.PREMIER,リーグ戦,長崎,島根,64,89,ハピネスアリーナ,5857,2026-09-27 20:19,https://www.bleague.jp/game_detail/?ScheduleKey=506385&tab=2
506389,2026-09-23,B.PREMIER,リーグ戦,A東京,琉球,74,85,TOYOTA ARENA TOKYO,9591,2026-09-27 20:20,https://www.bleague.jp/game_detail/?ScheduleKey=506389&tab=2
506380,2026-09-24,B.PREMIER,リーグ戦,群馬,A千葉,76,74,オープンハウスアリーナ太田,5192,2026-09-27 20:19,https://www.bleague.jp/game_detail/?ScheduleKey=506380&tab=2
507911,2026-09-25,B.NEXT,リーグ戦,三重,湘南,65,84,津市久居体育館,502,2026-09-27 20:23,https://www.bleague.jp/game_detail/?ScheduleKey=507911&tab=2
507173,2026-09-25,B.ONE,リーグ戦,岡山,越谷,60,94,シゲトーアリーナ岡山,2138,2026-09-27 20:22,https://www.bleague.jp/game_detail/?ScheduleKey=507173&tab=2
506379,2026-09-25,B.PREMIER,リーグ戦,茨城,三遠,82,90,アダストリアみとアリーナ,4402,2026-09-27 20:19,https://www.bleague.jp/game_detail/?ScheduleKey=506379&tab=2
506382,2026-09-25,B.PREMIER,リーグ戦,東京SR,千葉J,92,97,TOYOTA ARENA TOKYO,9003,2026-09-27 20:19,https://www.bleague.jp/game_detail/?ScheduleKey=506382&tab=2
506383,2026-09-25,B.PREMIER,リーグ戦,京都,滋賀,95,94,にっしんでんきアリーナ京都(京都市体育館),4288,2026-09-27 20:19,https://www.bleague.jp/game_detail/?ScheduleKey=506383&tab=2
506384,2026-09-25,B.PREMIER,リーグ戦,佐賀,広島,87,100,SAGAアリーナ,6453,2026-09-27 20:19,https://www.bleague.jp/game_detail/?ScheduleKey=506384&tab=2
506404,2026-09-25,B.PREMIER,リーグ戦,長崎,島根,78,85,ハピネスアリーナ,5700,2026-09-27 20:21,https://www.bleague.jp/game_detail/?ScheduleKey=506404&tab=2
507909,2026-09-26,B.NEXT,リーグ戦,山口,品川,65,55,俵田翁記念体育館,1247,2026-09-27 20:23,https://www.bleague.jp/game_detail/?ScheduleKey=507909&tab=2
507912,2026-09-26,B.NEXT,リーグ戦,三重,湘南,55,75,津市久居体育館,685,2026-09-27 20:23,https://www.bleague.jp/game_detail/?ScheduleKey=507912&tab=2
507159,2026-09-26,B.ONE,リーグ戦,岩手,山形,86,75,盛岡タカヤアリーナ,2577,2026-09-27 20:21,https://www.bleague.jp/game_detail/?ScheduleKey=507159&tab=2
507161,2026-09-26,B.ONE,リーグ戦,埼玉,東京U,85,71,バタフライアリーナ所沢(所沢市民体育館),2071,2026-09-27 20:21,https://www.bleague.jp/game_detail/?ScheduleKey=507161&tab=2
507163,2026-09-26,B.ONE,リーグ戦,東京Z,立川,79,73,EBARA WAVE アリーナおおた(大田区総合体育館),2240,2026-09-27 20:21,https://www.bleague.jp/game_detail/?ScheduleKey=507163&tab=2
507165,2026-09-26,B.ONE,リーグ戦,新潟,金沢,69,72,シティホールプラザ アオーレ長岡,2250,2026-09-27 20:21,https://www.bleague.jp/game_detail/?ScheduleKey=507165&tab=2
507167,2026-09-26,B.ONE,リーグ戦,岐阜,福井,88,90,OKBぎふ清流アリーナ,2616,2026-09-27 20:21,https://www.bleague.jp/game_detail/?ScheduleKey=507167&tab=2
507169,2026-09-26,B.ONE,リーグ戦,静岡,FE名古屋,87,70,このはなアリーナ,3558,2026-09-27 20:22,https://www.bleague.jp/game_detail/?ScheduleKey=507169&tab=2
507171,2026-09-26,B.ONE,リーグ戦,奈良,福島,86,103,ロートアリーナ奈良,2494,2026-09-27 20:22,https://www.bleague.jp/game_detail/?ScheduleKey=507171&tab=2
507174,2026-09-26,B.ONE,リーグ戦,岡山,越谷,80,84,シゲトーアリーナ岡山,2834,2026-09-27 20:22,https://www.bleague.jp/game_detail/?ScheduleKey=507174&tab=2
507177,2026-09-26,B.ONE,リーグ戦,愛媛,青森,84,74,愛媛県武道館,3447,2026-09-27 20:22,https://www.bleague.jp/game_detail/?ScheduleKey=507177&tab=2
507179,2026-09-26,B.ONE,リーグ戦,熊本,香川,93,60,熊本県立総合体育館,3605,2026-09-27 20:22,https://www.bleague.jp/game_detail/?ScheduleKey=507179&tab=2
507181,2026-09-26,B.ONE,リーグ戦,鹿児島,福岡,69,83,鹿児島県総合体育センター体育館,2604,2026-09-27 20:22,https://www.bleague.jp/game_detail/?ScheduleKey=507181&tab=2
506386,2026-09-26,B.PREMIER,リーグ戦,北海道,三河,106,97,北海きたえーる,6303,2026-09-27 20:19,https://www.bleague.jp/game_detail/?ScheduleKey=506386&tab=2
506387,2026-09-26,B.PREMIER,リーグ戦,仙台,秋田,81,55,ゼビオアリーナ仙台,4839,2026-09-27 20:20,https://www.bleague.jp/game_detail/?ScheduleKey=506387&tab=2
506388,2026-09-26,B.PREMIER,リーグ戦,宇都宮,横浜BC,88,78,日環アリーナ栃木,6206,2026-09-27 20:20,https://www.bleague.jp/game_detail/?ScheduleKey=506388&tab=2
506390,2026-09-26,B.PREMIER,リーグ戦,東京SR,千葉J,95,79,TOYOTA ARENA TOKYO,9126,2026-09-27 20:20,https://www.bleague.jp/game_detail/?ScheduleKey=506390&tab=2
506391,2026-09-26,B.PREMIER,リーグ戦,川崎,名古屋D,63,93,東急ドレッセとどろきアリーナ,4701,2026-09-27 20:20,https://www.bleague.jp/game_detail/?ScheduleKey=506391&tab=2
506392,2026-09-26,B.PREMIER,リーグ戦,信州,富山,85,99,ホワイトリング,4739,2026-09-27 20:20,https://www.bleague.jp/game_detail/?ScheduleKey=506392&tab=2
506393,2026-09-26,B.PREMIER,リーグ戦,神戸,大阪,69,79,GLION ARENA KOBE,8396,2026-09-27 20:20,https://www.bleague.jp/game_detail/?ScheduleKey=506393&tab=2
506398,2026-09-26,B.PREMIER,リーグ戦,群馬,A千葉,91,59,オープンハウスアリーナ太田,4977,2026-09-27 20:20,https://www.bleague.jp/game_detail/?ScheduleKey=506398&tab=2
507910,2026-09-27,B.NEXT,リーグ戦,山口,品川,76,73,俵田翁記念体育館,1305,2026-09-27 20:23,https://www.bleague.jp/game_detail/?ScheduleKey=507910&tab=2
507160,2026-09-27,B.ONE,リーグ戦,岩手,山形,85,73,盛岡タカヤアリーナ,3255,2026-09-27 20:21,https://www.bleague.jp/game_detail/?ScheduleKey=507160&tab=2
507162,2026-09-27,B.ONE,リーグ戦,埼玉,東京U,64,95,バタフライアリーナ所沢(所沢市民体育館),2023,2026-09-27 20:21,https://www.bleague.jp/game_detail/?ScheduleKey=507162&tab=2
507164,2026-09-27,B.ONE,リーグ戦,東京Z,立川,50,65,EBARA WAVE アリーナおおた(大田区総合体育館),1369,2026-09-27 20:21,https://www.bleague.jp/game_detail/?ScheduleKey=507164&tab=2
507166,2026-09-27,B.ONE,リーグ戦,新潟,金沢,70,81,シティホールプラザ アオーレ長岡,2301,2026-09-27 20:21,https://www.bleague.jp/game_detail/?ScheduleKey=507166&tab=2
507168,2026-09-27,B.ONE,リーグ戦,岐阜,福井,82,80,OKBぎふ清流アリーナ,2359,2026-09-27 20:21,https://www.bleague.jp/game_detail/?ScheduleKey=507168&tab=2
507170,2026-09-27,B.ONE,リーグ戦,静岡,FE名古屋,76,85,このはなアリーナ,3509,2026-09-27 20:22,https://www.bleague.jp/game_detail/?ScheduleKey=507170&tab=2
507172,2026-09-27,B.ONE,リーグ戦,奈良,福島,99,88,ロートアリーナ奈良,2576,2026-09-27 20:22,https://www.bleague.jp/game_detail/?ScheduleKey=507172&tab=2
507178,2026-09-27,B.ONE,リーグ戦,愛媛,青森,95,96,愛媛県武道館,3896,2026-09-27 20:22,https://www.bleague.jp/game_detail/?ScheduleKey=507178&tab=2
507180,2026-09-27,B.ONE,リーグ戦,熊本,香川,88,71,熊本県立総合体育館,3589,2026-09-27 20:22,https://www.bleague.jp/game_detail/?ScheduleKey=507180&tab=2
507182,2026-09-27,B.ONE,リーグ戦,鹿児島,福岡,84,76,鹿児島県総合体育センター体育館,2737,2026-09-27 20:23,https://www.bleague.jp/game_detail/?ScheduleKey=507182&tab=2
506394,2026-09-27,B.PREMIER,リーグ戦,北海道,三河,77,78,北海きたえーる,6158,2026-09-27 20:20,https://www.bleague.jp/game_detail/?ScheduleKey=506394&tab=2
506395,2026-09-27,B.PREMIER,リーグ戦,仙台,秋田,73,75,ゼビオアリーナ仙台,4612,2026-09-27 20:20,https://www.bleague.jp/game_detail/?ScheduleKey=506395&tab=2
506396,2026-09-27,B.PREMIER,リーグ戦,茨城,三遠,75,81,アダストリアみとアリーナ,4608,2026-09-27 20:20,https://www.bleague.jp/game_detail/?ScheduleKey=506396&tab=2
506397,2026-09-27,B.PREMIER,リーグ戦,宇都宮,横浜BC,71,74,日環アリーナ栃木,5595,2026-09-27 20:20,https://www.bleague.jp/game_detail/?ScheduleKey=506397&tab=2
506399,2026-09-27,B.PREMIER,リーグ戦,川崎,名古屋D,78,90,東急ドレッセとどろきアリーナ,4653,2026-09-27 20:20,https://www.bleague.jp/game_detail/?ScheduleKey=506399&tab=2
506400,2026-09-27,B.PREMIER,リーグ戦,信州,富山,99,81,ホワイトリング,4148,2026-09-27 20:20,https://www.bleague.jp/game_detail/?ScheduleKey=506400&tab=2
506401,2026-09-27,B.PREMIER,リーグ戦,京都,滋賀,77,81,にっしんでんきアリーナ京都(京都市体育館),4252,2026-09-27 20:21,https://www.bleague.jp/game_detail/?ScheduleKey=506401&tab=2
506402,2026-09-27,B.PREMIER,リーグ戦,神戸,大阪,84,78,GLION ARENA KOBE,7165,2026-09-27 20:21,https://www.bleague.jp/game_detail/?ScheduleKey=506402&tab=2
506403,2026-09-27,B.PREMIER,リーグ戦,佐賀,広島,61,89,SAGAアリーナ,5793,2026-09-27 20:21,https://www.bleague.jp/game_detail/?ScheduleKey=506403&tab=2
